{
    "blend": {
        "func": "add",
        "srcrgb": "srcalpha",
        "dstrgb": "1-srcalpha"
    },
    "vertex": "bleachhack:color_overlay",
    "fragment": "bleachhack:color_overlay",
    "attributes": [
        "Position",
        "Color",
        "UV0"
    ],
    "samplers": [
        { "name": "Sampler0" }
    ],
    "uniforms": [
        { "name": "ModelViewMat", "type": "matrix4x4", "count": 16, "values": [ 1.0, 0.0, 0.0, 0.0, 0.0, 1.0, 0.0, 0.0, 0.0, 0.0, 1.0, 0.0, 0.0, 0.0, 0.0, 1.0 ] },
        { "name": "ProjMat", "type": "matrix4x4", "count": 16, "values": [ 1.0, 0.0, 0.0, 0.0, 0.0, 1.0, 0.0, 0.0, 0.0, 0.0, 1.0, 0.0, 0.0, 0.0, 0.0, 1.0 ] }
    ]
}
